{
    "key": "group_668bdecf74886",
    "title": "Códigos personalizados",
    "fields": [
        {
            "key": "field_668bdeed3a42c",
            "label": "Código personalizado",
            "name": "opt_codigos",
            "aria-label": "",
            "type": "repeater",
            "instructions": "",
            "required": 0,
            "conditional_logic": 0,
            "wrapper": {
                "width": "",
                "class": "",
                "id": ""
            },
            "layout": "table",
            "pagination": 0,
            "min": 0,
            "max": 0,
            "collapsed": "",
            "button_label": "Agregar código",
            "rows_per_page": 20,
            "sub_fields": [
                {
                    "key": "field_668bdf043a42d",
                    "label": "Código",
                    "name": "opt_codigos_contenido",
                    "aria-label": "",
                    "type": "textarea",
                    "instructions": "",
                    "required": 0,
                    "conditional_logic": 0,
                    "wrapper": {
                        "width": "70",
                        "class": "",
                        "id": ""
                    },
                    "default_value": "",
                    "maxlength": "",
                    "rows": 4,
                    "placeholder": "",
                    "new_lines": "",
                    "parent_repeater": "field_668bdeed3a42c"
                },
                {
                    "key": "field_668bdf3b3a42e",
                    "label": "Ubicación",
                    "name": "opt_codigos_contenido_ubicacion",
                    "aria-label": "",
                    "type": "select",
                    "instructions": "",
                    "required": 1,
                    "conditional_logic": 0,
                    "wrapper": {
                        "width": "30",
                        "class": "",
                        "id": ""
                    },
                    "choices": {
                        "head": "Head",
                        "body-start": "Body Inicio",
                        "body-end": "Body Fin"
                    },
                    "default_value": false,
                    "return_format": "value",
                    "multiple": 0,
                    "allow_null": 0,
                    "ui": 0,
                    "ajax": 0,
                    "placeholder": "",
                    "parent_repeater": "field_668bdeed3a42c"
                }
            ]
        }
    ],
    "location": [
        [
            {
                "param": "options_page",
                "operator": "==",
                "value": "codigos-personalizados"
            }
        ]
    ],
    "menu_order": 0,
    "position": "normal",
    "style": "default",
    "label_placement": "top",
    "instruction_placement": "label",
    "hide_on_screen": "",
    "active": true,
    "description": "",
    "show_in_rest": 0,
    "modified": 1721844325
}
