{
    "key": "group_65d1111ac4e93",
    "title": "Configuraciones generales",
    "fields": [
        {
            "key": "field_65d1111a0c53a",
            "label": "Logo",
            "name": "opt_logo",
            "aria-label": "",
            "type": "image",
            "instructions": "",
            "required": 0,
            "conditional_logic": 0,
            "wrapper": {
                "width": "50",
                "class": "",
                "id": ""
            },
            "return_format": "url",
            "library": "all",
            "min_width": "",
            "min_height": "",
            "min_size": "",
            "max_width": "",
            "max_height": "",
            "max_size": "",
            "mime_types": "",
            "preview_size": "thumbnail"
        },
        {
            "key": "field_66a1383af1493",
            "label": "Logo Blanco",
            "name": "opt_logo_white",
            "aria-label": "",
            "type": "image",
            "instructions": "",
            "required": 0,
            "conditional_logic": 0,
            "wrapper": {
                "width": "50",
                "class": "",
                "id": ""
            },
            "return_format": "url",
            "library": "all",
            "min_width": "",
            "min_height": "",
            "min_size": "",
            "max_width": "",
            "max_height": "",
            "max_size": "",
            "mime_types": "",
            "preview_size": "thumbnail"
        },
        {
            "key": "field_65d111660c53b",
            "label": "Redes sociales",
            "name": "opt_redes_sociales",
            "aria-label": "",
            "type": "repeater",
            "instructions": "",
            "required": 0,
            "conditional_logic": 0,
            "wrapper": {
                "width": "",
                "class": "",
                "id": ""
            },
            "layout": "table",
            "pagination": 0,
            "min": 0,
            "max": 0,
            "collapsed": "",
            "button_label": "Agregar red",
            "rows_per_page": 20,
            "sub_fields": [
                {
                    "key": "field_65d1118a0c53c",
                    "label": "Nombre",
                    "name": "opt_redes_sociales_nombre",
                    "aria-label": "",
                    "type": "text",
                    "instructions": "",
                    "required": 0,
                    "conditional_logic": 0,
                    "wrapper": {
                        "width": "",
                        "class": "",
                        "id": ""
                    },
                    "default_value": "",
                    "maxlength": "",
                    "placeholder": "",
                    "prepend": "",
                    "append": "",
                    "parent_repeater": "field_65d111660c53b"
                },
                {
                    "key": "field_65d111ba0c53e",
                    "label": "Ícono",
                    "name": "opt_redes_sociales_icono",
                    "aria-label": "",
                    "type": "text",
                    "instructions": "Insertar clase del ícono deseado, todos los íconos disponibles estan en https:\/\/icons.getbootstrap.com\/",
                    "required": 1,
                    "conditional_logic": 0,
                    "wrapper": {
                        "width": "",
                        "class": "",
                        "id": ""
                    },
                    "default_value": "",
                    "maxlength": "",
                    "placeholder": "",
                    "prepend": "",
                    "append": "",
                    "parent_repeater": "field_65d111660c53b"
                },
                {
                    "key": "field_65d111af0c53d",
                    "label": "Enlace",
                    "name": "opt_redes_sociales_enlace",
                    "aria-label": "",
                    "type": "url",
                    "instructions": "",
                    "required": 0,
                    "conditional_logic": 0,
                    "wrapper": {
                        "width": "",
                        "class": "",
                        "id": ""
                    },
                    "default_value": "",
                    "placeholder": "",
                    "parent_repeater": "field_65d111660c53b"
                }
            ]
        },
        {
            "key": "field_65d1141c56d76",
            "label": "Whatsapp",
            "name": "opt_whatsapp",
            "aria-label": "",
            "type": "group",
            "instructions": "",
            "required": 0,
            "conditional_logic": 0,
            "wrapper": {
                "width": "",
                "class": "",
                "id": ""
            },
            "layout": "block",
            "sub_fields": [
                {
                    "key": "field_65d1142756d77",
                    "label": "Activar Boton Whatsapp",
                    "name": "opt_whatsapp_on",
                    "aria-label": "",
                    "type": "true_false",
                    "instructions": "",
                    "required": 0,
                    "conditional_logic": 0,
                    "wrapper": {
                        "width": "10",
                        "class": "",
                        "id": ""
                    },
                    "message": "",
                    "default_value": 0,
                    "ui_on_text": "Si",
                    "ui_off_text": "",
                    "ui": 1
                },
                {
                    "key": "field_65d1144056d79",
                    "label": "Número",
                    "name": "opt_whatsapp_numero",
                    "aria-label": "",
                    "type": "number",
                    "instructions": "Ej: 549351234567",
                    "required": 0,
                    "conditional_logic": [
                        [
                            {
                                "field": "field_65d1142756d77",
                                "operator": "==",
                                "value": "1"
                            }
                        ]
                    ],
                    "wrapper": {
                        "width": "45",
                        "class": "",
                        "id": ""
                    },
                    "default_value": "",
                    "min": "",
                    "max": "",
                    "placeholder": "",
                    "step": "",
                    "prepend": "",
                    "append": ""
                },
                {
                    "key": "field_65d1143a56d78",
                    "label": "Texto",
                    "name": "opt_whatsapp_texto",
                    "aria-label": "",
                    "type": "text",
                    "instructions": "Ej: Hola, quisiera consultar por",
                    "required": 0,
                    "conditional_logic": [
                        [
                            {
                                "field": "field_65d1142756d77",
                                "operator": "==",
                                "value": "1"
                            }
                        ]
                    ],
                    "wrapper": {
                        "width": "45",
                        "class": "",
                        "id": ""
                    },
                    "default_value": "",
                    "maxlength": "",
                    "placeholder": "",
                    "prepend": "",
                    "append": ""
                }
            ]
        },
        {
            "key": "field_65d128ceebb42",
            "label": "Botón \"Go to top\"",
            "name": "opt_btn_go_to_top",
            "aria-label": "",
            "type": "true_false",
            "instructions": "Activar Botón \"Go to Top\"",
            "required": 0,
            "conditional_logic": 0,
            "wrapper": {
                "width": "",
                "class": "",
                "id": ""
            },
            "message": "",
            "default_value": 0,
            "ui_on_text": "Si",
            "ui_off_text": "",
            "ui": 1
        }
    ],
    "location": [
        [
            {
                "param": "options_page",
                "operator": "==",
                "value": "config-generales"
            }
        ]
    ],
    "menu_order": 0,
    "position": "normal",
    "style": "default",
    "label_placement": "top",
    "instruction_placement": "label",
    "hide_on_screen": "",
    "active": true,
    "description": "",
    "show_in_rest": 0,
    "modified": 1721841967
}
