{
    "key": "post_type_669ec155d7bfd",
    "title": "Landings",
    "menu_order": 0,
    "active": true,
    "post_type": "landing",
    "advanced_configuration": true,
    "import_source": "",
    "import_date": "",
    "labels": {
        "name": "Landings",
        "singular_name": "Landing",
        "menu_name": "Landings",
        "all_items": "All Landings",
        "edit_item": "Edit Landing",
        "view_item": "View Landing",
        "view_items": "View Landings",
        "add_new_item": "Add New Landing",
        "add_new": "Add New Landing",
        "new_item": "New Landing",
        "parent_item_colon": "Parent Landing:",
        "search_items": "Search Landings",
        "not_found": "No landings found",
        "not_found_in_trash": "No landings found in Trash",
        "archives": "Landing Archives",
        "attributes": "Landing Attributes",
        "featured_image": "",
        "set_featured_image": "",
        "remove_featured_image": "",
        "use_featured_image": "",
        "insert_into_item": "Insert into landing",
        "uploaded_to_this_item": "Uploaded to this landing",
        "filter_items_list": "Filter landings list",
        "filter_by_date": "Filter landings by date",
        "items_list_navigation": "Landings list navigation",
        "items_list": "Landings list",
        "item_published": "Landing published.",
        "item_published_privately": "Landing published privately.",
        "item_reverted_to_draft": "Landing reverted to draft.",
        "item_scheduled": "Landing scheduled.",
        "item_updated": "Landing updated.",
        "item_link": "Landing Link",
        "item_link_description": "A link to a landing."
    },
    "description": "",
    "public": true,
    "hierarchical": false,
    "exclude_from_search": false,
    "publicly_queryable": true,
    "show_ui": true,
    "show_in_menu": true,
    "admin_menu_parent": "",
    "show_in_admin_bar": true,
    "show_in_nav_menus": true,
    "show_in_rest": true,
    "rest_base": "",
    "rest_namespace": "wp\/v2",
    "rest_controller_class": "WP_REST_Posts_Controller",
    "menu_position": "",
    "menu_icon": "dashicons-format-aside",
    "rename_capabilities": false,
    "singular_capability_name": "post",
    "plural_capability_name": "posts",
    "supports": [
        "title",
        "editor",
        "thumbnail"
    ],
    "taxonomies": "",
    "has_archive": false,
    "has_archive_slug": "",
    "rewrite": {
        "permalink_rewrite": "post_type_key",
        "with_front": "1",
        "feeds": "0",
        "pages": "1"
    },
    "query_var": "post_type_key",
    "query_var_name": "",
    "can_export": true,
    "delete_with_user": false,
    "register_meta_box_cb": "",
    "enter_title_here": "",
    "modified": 1721937544
}
