{
    "key": "ui_options_page_668dedf14e732",
    "title": "Códigos personalizados",
    "active": true,
    "menu_order": 0,
    "page_title": "Códigos personalizados",
    "menu_slug": "codigos-personalizados",
    "parent_slug": "global-settings",
    "advanced_configuration": 1,
    "icon_url": "",
    "menu_title": "",
    "position": 2,
    "redirect": false,
    "description": "",
    "update_button": "Actualizar",
    "updated_message": "Opciones Actualizadas",
    "capability": "edit_posts",
    "data_storage": "options",
    "post_id": "",
    "autoload": 0,
    "_parent": 16,
    "modified": 1721841952
}
