{
    "key": "ui_options_page_65d110bec6c36",
    "title": "Configuración Sitio Web",
    "active": true,
    "menu_order": 0,
    "page_title": "Configuración Sitio Web",
    "menu_slug": "global-settings",
    "parent_slug": "none",
    "advanced_configuration": 1,
    "icon_url": "dashicons-admin-site",
    "menu_title": "",
    "position": 75,
    "redirect": 1,
    "description": "",
    "update_button": "Guardar",
    "updated_message": "Opciones guardadas",
    "capability": "edit_posts",
    "data_storage": "options",
    "post_id": "",
    "autoload": 0,
    "modified": 1721841981
}
