{
    "key": "ui_options_page_66a138faba187",
    "title": "Configuraciones generales",
    "active": true,
    "menu_order": 0,
    "page_title": "Configuraciones generales",
    "menu_slug": "config-generales",
    "parent_slug": "global-settings",
    "advanced_configuration": 1,
    "icon_url": "",
    "menu_title": "",
    "position": 1,
    "redirect": false,
    "description": "",
    "update_button": "Update",
    "updated_message": "Options Updated",
    "capability": "edit_posts",
    "data_storage": "options",
    "post_id": "",
    "autoload": 0,
    "_parent": 16,
    "modified": 1721841947
}
